3712,Alexandra - Murrindindi,Shire Council,28 Perkins Street,Hours Mon–Fri: 9am–5pm
3714,Alexandra - Murrindindi,Shire Council,28 Perkins Street,Hours Mon–Fri: 9am–5pm
3719,Alexandra - Murrindindi,Shire Council,28 Perkins Street,Hours Mon–Fri: 9am–5pm
3233,Apollo Bay - Colac Otway,Shire Council,69 Nelson Street,Hours Mon–Fri: 8.45am – 1.15pm
3237,Apollo Bay - Colac Otway,Shire Council,69 Nelson Street,Hours Mon–Fri: 8.45am – 1.15pm
3238,Apollo Bay - Colac Otway,Shire Council,69 Nelson Street,Hours Mon–Fri: 8.45am – 1.15pm
3377,Ararat,Shop 2 56 High Street,,
3875,Bairnsdal,535 Princes Highway,,
3878,Bairnsdal,535 Princes Highway,,
3880,Bairnsdal,535 Princes Highway,,
3882,Bairnsdal,535 Princes Highway,,
3350,Ballarat,88 Learmonth Road,Wendouree,
3351,Ballarat,88 Learmonth Road,Wendouree,
3352,Ballarat,88 Learmonth Road,Wendouree,
3355,Ballarat,88 Learmonth Road,Wendouree,
3356,Ballarat,88 Learmonth Road,Wendouree,
3363,Ballarat,88 Learmonth Road,Wendouree,
3364,Ballarat,88 Learmonth Road,Wendouree,
3670,Benalla,50–52 Clarke Street,,
3672,Benalla,50–52 Clarke Street,,
3673,Benalla,50–52 Clarke Street,,
3525,Boort - Boort Resource & Information Centre,119–121 Godfrey Street,Hours Mon–Fri: 10am – 12.30pm and 1pm–3.30pm,(no credit card or EFTPOS - cash or cheque only)
3537,Boort - Boort Resource & Information Centre,119–121 Godfrey Street,Hours Mon–Fri: 10am – 12.30pm and 1pm–3.30pm,(no credit card or EFTPOS - cash or cheque only)
3154,Brandon Park - Australia Post,Shop 52 Brandon Park Shopping Centre,608 Ferntree Gully Road,Hours Mon–Fri: 9am–5pm Sat: 10am–1pm
3155,Brandon Park - Australia Post,Shop 52 Brandon Park Shopping Centre,608 Ferntree Gully Road,Hours Mon–Fri: 9am–5pm Sat: 10am–1pm
3156,Brandon Park - Australia Post,Shop 52 Brandon Park Shopping Centre,608 Ferntree Gully Road,Hours Mon–Fri: 9am–5pm Sat: 10am–1pm
3158,Brandon Park - Australia Post,Shop 52 Brandon Park Shopping Centre,608 Ferntree Gully Road,Hours Mon–Fri: 9am–5pm Sat: 10am–1pm
3159,Brandon Park - Australia Post,Shop 52 Brandon Park Shopping Centre,608 Ferntree Gully Road,Hours Mon–Fri: 9am–5pm Sat: 10am–1pm
3160,Brandon Park - Australia Post,Shop 52 Brandon Park Shopping Centre,608 Ferntree Gully Road,Hours Mon–Fri: 9am–5pm Sat: 10am–1pm
3179,Brandon Park - Australia Post,Shop 52 Brandon Park Shopping Centre,608 Ferntree Gully Road,Hours Mon–Fri: 9am–5pm Sat: 10am–1pm
3180,Brandon Park - Australia Post,Shop 52 Brandon Park Shopping Centre,608 Ferntree Gully Road,Hours Mon–Fri: 9am–5pm Sat: 10am–1pm
3786,Brandon Park - Australia Post,Shop 52 Brandon Park Shopping Centre,608 Ferntree Gully Road,Hours Mon–Fri: 9am–5pm Sat: 10am–1pm
3787,Brandon Park - Australia Post,Shop 52 Brandon Park Shopping Centre,608 Ferntree Gully Road,Hours Mon–Fri: 9am–5pm Sat: 10am–1pm
3789,Brandon Park - Australia Post,Shop 52 Brandon Park Shopping Centre,608 Ferntree Gully Road,Hours Mon–Fri: 9am–5pm Sat: 10am–1pm
3791,Brandon Park - Australia Post,Shop 52 Brandon Park Shopping Centre,608 Ferntree Gully Road,Hours Mon–Fri: 9am–5pm Sat: 10am–1pm
3792,Brandon Park - Australia Post,Shop 52 Brandon Park Shopping Centre,608 Ferntree Gully Road,Hours Mon–Fri: 9am–5pm Sat: 10am–1pm
3046,Broadmeadow,Cnr Pearcedale Parade & Johnstone Street,,
3047,Broadmeadow,Cnr Pearcedale Parade & Johnstone Street,,
3048,Broadmeadow,Cnr Pearcedale Parade & Johnstone Street,,
3049,Broadmeadow,Cnr Pearcedale Parade & Johnstone Street,,
3059,Broadmeadow,Cnr Pearcedale Parade & Johnstone Street,,
3061,Broadmeadow,Cnr Pearcedale Parade & Johnstone Street,,
3062,Broadmeadow,Cnr Pearcedale Parade & Johnstone Street,,
3064,Broadmeadow,Cnr Pearcedale Parade & Johnstone Street,,
3750,Broadmeadow,Cnr Pearcedale Parade & Johnstone Street,,
3074,Bundoora,8 Graduate Road University Hill,,
3075,Bundoora,8 Graduate Road University Hill,,
3076,Bundoora,8 Graduate Road University Hill,,
3082,Bundoora,8 Graduate Road University Hill,,
3083,Bundoora,8 Graduate Road University Hill,,
3087,Bundoora,8 Graduate Road University Hill,,
3088,Bundoora,8 Graduate Road University Hill,,
3089,Bundoora,8 Graduate Road University Hill,,
3090,Bundoora,8 Graduate Road University Hill,,
3091,Bundoora,8 Graduate Road University Hill,,
3093,Bundoora,8 Graduate Road University Hill,,
3094,Bundoora,8 Graduate Road University Hill,,
3095,Bundoora,8 Graduate Road University Hill,,
3096,Bundoora,8 Graduate Road University Hill,,
3099,Bundoora,8 Graduate Road University Hill,,
3752,Bundoora,8 Graduate Road University Hill,,
3752,Bundoora,8 Graduate Road University Hill,,
3754,Bundoora,8 Graduate Road University Hill,,
3755,Bundoora,8 Graduate Road University Hill,,
3125,Burwood East,12 Lakeside Drive,,
3130,Burwood East,12 Lakeside Drive,,
3131,Burwood East,12 Lakeside Drive,,
3132,Burwood East,12 Lakeside Drive,,
3133,Burwood East,12 Lakeside Drive,,
3149,Burwood East,12 Lakeside Drive,,
3150,Burwood East,12 Lakeside Drive,,
3151,Burwood East,12 Lakeside Drive,,
3101,Camberwell - Camberwell Post Shop,2 Prospect Hill Road,Hours Mon–Fri: 9am–5pm Sat: 9am–12.30pm,
3102,Camberwell - Camberwell Post Shop,2 Prospect Hill Road,Hours Mon–Fri: 9am–5pm Sat: 9am–12.30pm,
3122,Camberwell - Camberwell Post Shop,2 Prospect Hill Road,Hours Mon–Fri: 9am–5pm Sat: 9am–12.30pm,
3123,Camberwell - Camberwell Post Shop,2 Prospect Hill Road,Hours Mon–Fri: 9am–5pm Sat: 9am–12.30pm,
3124,Camberwell - Camberwell Post Shop,2 Prospect Hill Road,Hours Mon–Fri: 9am–5pm Sat: 9am–12.30pm,
3126,Camberwell - Camberwell Post Shop,2 Prospect Hill Road,Hours Mon–Fri: 9am–5pm Sat: 9am–12.30pm,
3127,Camberwell - Camberwell Post Shop,2 Prospect Hill Road,Hours Mon–Fri: 9am–5pm Sat: 9am–12.30pm,
3142,Camberwell - Camberwell Post Shop,2 Prospect Hill Road,Hours Mon–Fri: 9am–5pm Sat: 9am–12.30pm,
3144,Camberwell - Camberwell Post Shop,2 Prospect Hill Road,Hours Mon–Fri: 9am–5pm Sat: 9am–12.30pm,
3146,Camberwell - Camberwell Post Shop,2 Prospect Hill Road,Hours Mon–Fri: 9am–5pm Sat: 9am–12.30pm,
3181,Camberwell - Camberwell Post Shop,2 Prospect Hill Road,Hours Mon–Fri: 9am–5pm Sat: 9am–12.30pm,
3183,Camberwell - Camberwell Post Shop,2 Prospect Hill Road,Hours Mon–Fri: 9am–5pm Sat: 9am–12.30pm,
3260,Camperdown - Corangamite,Shire Council,181 Manifold Street,Hours Mon–Fri: 8.30am–5pm
3265,Camperdown - Corangamite,Shire Council,181 Manifold Street,Hours Mon–Fri: 8.30am–5pm
3044,Carlton,459 Lygon Street,,
3053,Carlton,459 Lygon Street,,
3054,Carlton,459 Lygon Street,,
3055,Carlton,459 Lygon Street,,
3056,Carlton,459 Lygon Street,,
3057,Carlton,459 Lygon Street,,
3058,Carlton,459 Lygon Street,,
3068,Carlton,459 Lygon Street,,
3070,Carlton,459 Lygon Street,,
3078,Carlton,459 Lygon Street,,
3311,Casterton - Glenelg Shire Council,67 Henty Street,Hours Mon–Fri: 9am–5pm,
3312,Casterton - Glenelg Shire Council,67 Henty Street,Hours Mon–Fri: 9am–5pm,
3315,Casterton - Glenelg Shire Council,67 Henty Street,Hours Mon–Fri: 9am–5pm,
3447,Castlemaine - Mount Alexander Shire Council,Civic Centre,Cnr Lyttleton & Lloyd Streets,Hours Mon-Fri: 8.30am-5pm
3448,Castlemaine - Mount Alexander Shire Council,Civic Centre,Cnr Lyttleton & Lloyd Streets,Hours Mon-Fri: 8.30am-5pm
3450,Castlemaine - Mount Alexander Shire Council,Civic Centre,Cnr Lyttleton & Lloyd Streets,Hours Mon-Fri: 8.30am-5pm
3451,Castlemaine - Mount Alexander Shire Council,Civic Centre,Cnr Lyttleton & Lloyd Streets,Hours Mon-Fri: 8.30am-5pm
3453,Castlemaine - Mount Alexander Shire Council,Civic Centre,Cnr Lyttleton & Lloyd Streets,Hours Mon-Fri: 8.30am-5pm
3462,Castlemaine - Mount Alexander Shire Council,Civic Centre,Cnr Lyttleton & Lloyd Streets,Hours Mon-Fri: 8.30am-5pm
3463,Castlemaine - Mount Alexander Shire Council,Civic Centre,Cnr Lyttleton & Lloyd Streets,Hours Mon-Fri: 8.30am-5pm
3145,Chadstone - Australia Post,Shop F026 - Chadstone Shopping Centre,1341 Dandenong Road,Hours Mon–Fri: 9am–5pm Sat: 10am–2pm
3147,Chadstone - Australia Post,Shop F026 - Chadstone Shopping Centre,1341 Dandenong Road,Hours Mon–Fri: 9am–5pm Sat: 10am–2pm
3148,Chadstone - Australia Post,Shop F026 - Chadstone Shopping Centre,1341 Dandenong Road,Hours Mon–Fri: 9am–5pm Sat: 10am–2pm
3148,Chadstone - Australia Post,Shop F026 - Chadstone Shopping Centre,1341 Dandenong Road,Hours Mon–Fri: 9am–5pm Sat: 10am–2pm
3161,Chadstone - Australia Post,Shop F026 - Chadstone Shopping Centre,1341 Dandenong Road,Hours Mon–Fri: 9am–5pm Sat: 10am–2pm
3162,Chadstone - Australia Post,Shop F026 - Chadstone Shopping Centre,1341 Dandenong Road,Hours Mon–Fri: 9am–5pm Sat: 10am–2pm
3163,Chadstone - Australia Post,Shop F026 - Chadstone Shopping Centre,1341 Dandenong Road,Hours Mon–Fri: 9am–5pm Sat: 10am–2pm
3166,Chadstone - Australia Post,Shop F026 - Chadstone Shopping Centre,1341 Dandenong Road,Hours Mon–Fri: 9am–5pm Sat: 10am–2pm
3170,Chadstone - Australia Post,Shop F026 - Chadstone Shopping Centre,1341 Dandenong Road,Hours Mon–Fri: 9am–5pm Sat: 10am–2pm
3184,Chadstone - Australia Post,Shop F026 - Chadstone Shopping Centre,1341 Dandenong Road,Hours Mon–Fri: 9am–5pm Sat: 10am–2pm
3185,Chadstone - Australia Post,Shop F026 - Chadstone Shopping Centre,1341 Dandenong Road,Hours Mon–Fri: 9am–5pm Sat: 10am–2pm
3185,Chadstone - Australia Post,Shop F026 - Chadstone Shopping Centre,1341 Dandenong Road,Hours Mon–Fri: 9am–5pm Sat: 10am–2pm
3187,Chadstone - Australia Post,Shop F026 - Chadstone Shopping Centre,1341 Dandenong Road,Hours Mon–Fri: 9am–5pm Sat: 10am–2pm
3800,Chadstone - Australia Post,Shop F026 - Chadstone Shopping Centre,1341 Dandenong Road,Hours Mon–Fri: 9am–5pm Sat: 10am–2pm
3186,Cheltenham - Australia Post,Shop 2080 Westfield Southland Centre,1239 Nepean Highway,Hours Mon–Fri: 9am–5pm Sat: 10am–2pm Sun: 11am–3pm
3188,Cheltenham - Australia Post,Shop 2080 Westfield Southland Centre,1239 Nepean Highway,Hours Mon–Fri: 9am–5pm Sat: 10am–2pm Sun: 11am–3pm
3190,Cheltenham - Australia Post,Shop 2080 Westfield Southland Centre,1239 Nepean Highway,Hours Mon–Fri: 9am–5pm Sat: 10am–2pm Sun: 11am–3pm
3191,Cheltenham - Australia Post,Shop 2080 Westfield Southland Centre,1239 Nepean Highway,Hours Mon–Fri: 9am–5pm Sat: 10am–2pm Sun: 11am–3pm
3192,Cheltenham - Australia Post,Shop 2080 Westfield Southland Centre,1239 Nepean Highway,Hours Mon–Fri: 9am–5pm Sat: 10am–2pm Sun: 11am–3pm
3193,Cheltenham - Australia Post,Shop 2080 Westfield Southland Centre,1239 Nepean Highway,Hours Mon–Fri: 9am–5pm Sat: 10am–2pm Sun: 11am–3pm
3194,Cheltenham - Australia Post,Shop 2080 Westfield Southland Centre,1239 Nepean Highway,Hours Mon–Fri: 9am–5pm Sat: 10am–2pm Sun: 11am–3pm
3195,Cheltenham - Australia Post,Shop 2080 Westfield Southland Centre,1239 Nepean Highway,Hours Mon–Fri: 9am–5pm Sat: 10am–2pm Sun: 11am–3pm
3204,Cheltenham - Australia Post,Shop 2080 Westfield Southland Centre,1239 Nepean Highway,Hours Mon–Fri: 9am–5pm Sat: 10am–2pm Sun: 11am–3pm
2714,Cobram,Shop 1 39 Station Street,,
3641,Cobram,Shop 1 39 Station Street,,
3644,Cobram,Shop 1 39 Station Street,,
3567,Cohuna - Gannawarra,Shire Council,23–25 King Edward Street,Hours Mon–Fri: 10am–12.30pm and 1.15pm–4pm
3568,Cohuna - Gannawarra,Shire Council,23–25 King Edward Street,Hours Mon–Fri: 10am–12.30pm and 1.15pm–4pm
3243,Colac,10 Scott Street,,
3249,Colac,10 Scott Street,,
3250,Colac,10 Scott Street,,
3254,Colac,10 Scott Street,,
2642,Corryong - Corryong Neighbourhood Centre,39 Hanson Street,Hours Mon-Thurs: 9am-5pm Fri: 9am-4pm,
3705,Corryong - Corryong Neighbourhood Centre,39 Hanson Street,Hours Mon-Thurs: 9am-5pm Fri: 9am-4pm,
3707,Corryong - Corryong Neighbourhood Centre,39 Hanson Street,Hours Mon-Thurs: 9am-5pm Fri: 9am-4pm,
3921,Cowes - Australia Post,73-79 Thompson Avenue,Hours Mon-Fri: 9am-5pm,
3922,Cowes - Australia Post,73-79 Thompson Avenue,Hours Mon-Fri: 9am-5pm,
3923,Cowes - Australia Post,73-79 Thompson Avenue,Hours Mon-Fri: 9am-5pm,
3925,Cowes - Australia Post,73-79 Thompson Avenue,Hours Mon-Fri: 9am-5pm,
3171,Dandenong - Australia Post,Shop 118-119 Level 1 Dandenong Plaza,23–55 McCrae Street,Hours Mon–Fri: 9am–5pm Sat: 10am-4pm
3174,Dandenong - Australia Post,Shop 118-119 Level 1 Dandenong Plaza,23–55 McCrae Street,Hours Mon–Fri: 9am–5pm Sat: 10am-4pm
3175,Dandenong - Australia Post,Shop 118-119 Level 1 Dandenong Plaza,23–55 McCrae Street,Hours Mon–Fri: 9am–5pm Sat: 10am-4pm
3177,Dandenong - Australia Post,Shop 118-119 Level 1 Dandenong Plaza,23–55 McCrae Street,Hours Mon–Fri: 9am–5pm Sat: 10am-4pm
3202,Dandenong - Australia Post,Shop 118-119 Level 1 Dandenong Plaza,23–55 McCrae Street,Hours Mon–Fri: 9am–5pm Sat: 10am-4pm
3802,Dandenong - Australia Post,Shop 118-119 Level 1 Dandenong Plaza,23–55 McCrae Street,Hours Mon–Fri: 9am–5pm Sat: 10am-4pm
3173,Dandenong,72–74 Greens Road,,
3975,Dandenong,72–74 Greens Road,,
3480,Donald - Donald & District,Community Bank Branch,61-63 Woods Street,Hours Mon–Thurs: 9.30am–4pm Fri: 9am–5pm
3084,Doncaster - Australia Post,Shop G024/5 Westfield Shoppingtown,619 Doncaster Road,Hours Mon–Fri: 9am–5pm Sat: 9am-12.30pm
3103,Doncaster - Australia Post,Shop G024/5 Westfield Shoppingtown,619 Doncaster Road,Hours Mon–Fri: 9am–5pm Sat: 9am-12.30pm
3104,Doncaster - Australia Post,Shop G024/5 Westfield Shoppingtown,619 Doncaster Road,Hours Mon–Fri: 9am–5pm Sat: 9am-12.30pm
3105,Doncaster - Australia Post,Shop G024/5 Westfield Shoppingtown,619 Doncaster Road,Hours Mon–Fri: 9am–5pm Sat: 9am-12.30pm
3106,Doncaster - Australia Post,Shop G024/5 Westfield Shoppingtown,619 Doncaster Road,Hours Mon–Fri: 9am–5pm Sat: 9am-12.30pm
3107,Doncaster - Australia Post,Shop G024/5 Westfield Shoppingtown,619 Doncaster Road,Hours Mon–Fri: 9am–5pm Sat: 9am-12.30pm
3108,Doncaster - Australia Post,Shop G024/5 Westfield Shoppingtown,619 Doncaster Road,Hours Mon–Fri: 9am–5pm Sat: 9am-12.30pm
3109,Doncaster - Australia Post,Shop G024/5 Westfield Shoppingtown,619 Doncaster Road,Hours Mon–Fri: 9am–5pm Sat: 9am-12.30pm
3128,Doncaster - Australia Post,Shop G024/5 Westfield Shoppingtown,619 Doncaster Road,Hours Mon–Fri: 9am–5pm Sat: 9am-12.30pm
3129,Doncaster - Australia Post,Shop G024/5 Westfield Shoppingtown,619 Doncaster Road,Hours Mon–Fri: 9am–5pm Sat: 9am-12.30pm
3916,Dromana,42 Collins Road,,
3926,Dromana,42 Collins Road,,
3928,Dromana,42 Collins Road,,
3929,Dromana,42 Collins Road,,
3931,Dromana,42 Collins Road,,
3934,Dromana,42 Collins Road,,
3936,Dromana,42 Collins Road,,
3937,Dromana,42 Collins Road,,
3938,Dromana,42 Collins Road,,
3939,Dromana,42 Collins Road,,
3941,Dromana,42 Collins Road,,
3212,Drysdale - Australia Post,Shop 4–5,8–10 Hancock Street,Hours Mon–Fri: 9am–5pm Sat: 9am–12 noon
3222,Drysdale - Australia Post,Shop 4–5,8–10 Hancock Street,Hours Mon–Fri: 9am–5pm Sat: 9am–12 noon
3223,Drysdale - Australia Post,Shop 4–5,8–10 Hancock Street,Hours Mon–Fri: 9am–5pm Sat: 9am–12 noon
3224,Drysdale - Australia Post,Shop 4–5,8–10 Hancock Street,Hours Mon–Fri: 9am–5pm Sat: 9am–12 noon
3225,Drysdale - Australia Post,Shop 4–5,8–10 Hancock Street,Hours Mon–Fri: 9am–5pm Sat: 9am–12 noon
3226,Drysdale - Australia Post,Shop 4–5,8–10 Hancock Street,Hours Mon–Fri: 9am–5pm Sat: 9am–12 noon
3785,Drysdale - Australia Post,Shop 4–5,8–10 Hancock Street,Hours Mon–Fri: 9am–5pm Sat: 9am–12 noon
2731,Echuca,55 Mundarra Road,,
3561,Echuca,55 Mundarra Road,,
3564,Echuca,55 Mundarra Road,,
3622,Echuca,55 Mundarra Road,,
3318,Edenhope - West Wimmera,Shire Council,49 Elizabeth Street,Hours Mon–Fri: 8.30am–5pm
3665,Euroa - Strathbogie Shire Council,109A Binney Street,Hours Mon–Fri: 9am–5pm,
3666,Euroa - Strathbogie Shire Council,109A Binney Street,Hours Mon–Fri: 9am–5pm,
3782,Fountain Gate - Australia Post,Shop 1064 Fountain Gate Shopping Centre,352 Princes Highway,Hours Mon–Fri: 9am–5pm Sat: 9am–1pm
3803,Fountain Gate - Australia Post,Shop 1064 Fountain Gate Shopping Centre,352 Princes Highway,Hours Mon–Fri: 9am–5pm Sat: 9am–1pm
3804,Fountain Gate - Australia Post,Shop 1064 Fountain Gate Shopping Centre,352 Princes Highway,Hours Mon–Fri: 9am–5pm Sat: 9am–1pm
3805,Fountain Gate - Australia Post,Shop 1064 Fountain Gate Shopping Centre,352 Princes Highway,Hours Mon–Fri: 9am–5pm Sat: 9am–1pm
3806,Fountain Gate - Australia Post,Shop 1064 Fountain Gate Shopping Centre,352 Princes Highway,Hours Mon–Fri: 9am–5pm Sat: 9am–1pm
3807,Fountain Gate - Australia Post,Shop 1064 Fountain Gate Shopping Centre,352 Princes Highway,Hours Mon–Fri: 9am–5pm Sat: 9am–1pm
3808,Fountain Gate - Australia Post,Shop 1064 Fountain Gate Shopping Centre,352 Princes Highway,Hours Mon–Fri: 9am–5pm Sat: 9am–1pm
3809,Fountain Gate - Australia Post,Shop 1064 Fountain Gate Shopping Centre,352 Princes Highway,Hours Mon–Fri: 9am–5pm Sat: 9am–1pm
3976,Fountain Gate - Australia Post,Shop 1064 Fountain Gate Shopping Centre,352 Princes Highway,Hours Mon–Fri: 9am–5pm Sat: 9am–1pm
3978,Fountain Gate - Australia Post,Shop 1064 Fountain Gate Shopping Centre,352 Princes Highway,Hours Mon–Fri: 9am–5pm Sat: 9am–1pm
3196,Frankston,71 Hartnett Drive Seaford,,
3197,Frankston,71 Hartnett Drive Seaford,,
3198,Frankston,71 Hartnett Drive Seaford,,
3199,Frankston,71 Hartnett Drive Seaford,,
3200,Frankston,71 Hartnett Drive Seaford,,
3201,Frankston,71 Hartnett Drive Seaford,,
3910,Frankston,71 Hartnett Drive Seaford,,
3911,Frankston,71 Hartnett Drive Seaford,,
3930,Frankston,71 Hartnett Drive Seaford,,
3977,Frankston,71 Hartnett Drive Seaford,,
3214,Geelong,180 Fyans Street,,
3215,Geelong,180 Fyans Street,,
3216,Geelong,180 Fyans Street,,
3217,Geelong,180 Fyans Street,,
3218,Geelong,180 Fyans Street,,
3219,Geelong,180 Fyans Street,,
3220,Geelong,180 Fyans Street,,
3221,Geelong,180 Fyans Street,,
3227,Geelong,180 Fyans Street,,
3331,Geelong,180 Fyans Street,,
3041,Gladstone Park - Australia Post,Shop 148 Gladstone Park Shopping Centre,8–34 Gladstone Park Drive,Hours Mon–Fri: 9am–5pm
3042,Gladstone Park - Australia Post,Shop 148 Gladstone Park Shopping Centre,8–34 Gladstone Park Drive,Hours Mon–Fri: 9am–5pm
3043,Gladstone Park - Australia Post,Shop 148 Gladstone Park Shopping Centre,8–34 Gladstone Park Drive,Hours Mon–Fri: 9am–5pm
3045,Gladstone Park - Australia Post,Shop 148 Gladstone Park Shopping Centre,8–34 Gladstone Park Drive,Hours Mon–Fri: 9am–5pm
3063,Gladstone Park - Australia Post,Shop 148 Gladstone Park Shopping Centre,8–34 Gladstone Park Drive,Hours Mon–Fri: 9am–5pm
3289,Hamilton,Riley Street,,
3300,Hamilton,Riley Street,,
3301,Hamilton,Riley Street,,
3912,Hastings - Kodak Express,/Photo Craft Studios,42A High Street (Rear),Hours Mon–Fri: 9am–5.30pm Sat: 9am–12 noon
3913,Hastings - Kodak Express,/Photo Craft Studios,42A High Street (Rear),Hours Mon–Fri: 9am–5.30pm Sat: 9am–12 noon
3915,Hastings - Kodak Express,/Photo Craft Studios,42A High Street (Rear),Hours Mon–Fri: 9am–5.30pm Sat: 9am–12 noon
3918,Hastings - Kodak Express,/Photo Craft Studios,42A High Street (Rear),Hours Mon–Fri: 9am–5.30pm Sat: 9am–12 noon
3919,Hastings - Kodak Express,/Photo Craft Studios,42A High Street (Rear),Hours Mon–Fri: 9am–5.30pm Sat: 9am–12 noon
3927,Hastings - Kodak Express,/Photo Craft Studios,42A High Street (Rear),Hours Mon–Fri: 9am–5.30pm Sat: 9am–12 noon
3933,Hastings - Kodak Express,/Photo Craft Studios,42A High Street (Rear),Hours Mon–Fri: 9am–5.30pm Sat: 9am–12 noon
3980,Hastings - Kodak Express,/Photo Craft Studios,42A High Street (Rear),Hours Mon–Fri: 9am–5.30pm Sat: 9am–12 noon
3165,Heatherton,77 Corporate Drive,,
3167,Heatherton,77 Corporate Drive,,
3168,Heatherton,77 Corporate Drive,,
3169,Heatherton,77 Corporate Drive,,
3172,Heatherton,77 Corporate Drive,,
3304,Heywood - Glenelg Shire Council,77 Edgar Street,Hours Mon–Fri: 9am–5pm,
3396,Hopetoun - Gateway Beet Inc,75 Lascelles Street,Hours Mon–Fri: 9am–5pm,
3024,Hoppers Crossing,64 Old Geelong Road,(Spotlight Centre),
3027,Hoppers Crossing,64 Old Geelong Road,(Spotlight Centre),
3028,Hoppers Crossing,64 Old Geelong Road,(Spotlight Centre),
3029,Hoppers Crossing,64 Old Geelong Road,(Spotlight Centre),
3030,Hoppers Crossing,64 Old Geelong Road,(Spotlight Centre),
3400,Horsham,14 O’Callaghans Parade,,
3401,Horsham,14 O’Callaghans Parade,,
3415,Kaniva - West Wimmera Shire Council,25 Baker Street,Hours Mon–Fri: 8.30am–5pm,
3419,Kaniva - West Wimmera Shire Council,25 Baker Street,Hours Mon–Fri: 8.30am–5pm,
3420,Kaniva - West Wimmera Shire Council,25 Baker Street,Hours Mon–Fri: 8.30am–5pm,
3579,Kerang - Bendigo Bank,46–48 Victoria Street,Hours Mon–Fri: 9am–5pm,
3434,Kilmore - Kilmore Library & Customer Service,12 Sydney Street,Hours Mon–Wed: 9am–5pm Thur: 9am–6pm,Fri: 9am–5pm Sat: 9am–12 noon
3435,Kilmore - Kilmore Library & Customer Service,12 Sydney Street,Hours Mon–Wed: 9am–5pm Thur: 9am–6pm,Fri: 9am–5pm Sat: 9am–12 noon
3658,Kilmore - Kilmore Library & Customer Service,12 Sydney Street,Hours Mon–Wed: 9am–5pm Thur: 9am–6pm,Fri: 9am–5pm Sat: 9am–12 noon
3756,Kilmore - Kilmore Library & Customer Service,12 Sydney Street,Hours Mon–Wed: 9am–5pm Thur: 9am–6pm,Fri: 9am–5pm Sat: 9am–12 noon
3758,Kilmore - Kilmore Library & Customer Service,12 Sydney Street,Hours Mon–Wed: 9am–5pm Thur: 9am–6pm,Fri: 9am–5pm Sat: 9am–12 noon
3764,Kilmore - Kilmore Library & Customer Service,12 Sydney Street,Hours Mon–Wed: 9am–5pm Thur: 9am–6pm,Fri: 9am–5pm Sat: 9am–12 noon
3152,Knox - Australia Post,Shop 1042 Knox City Shopping Centre,425 Burwood Highway,Hours Mon–Fri: 9am–5pm Sat: 9am–1pm
3178,Knox - Australia Post,Shop 1042 Knox City Shopping Centre,425 Burwood Highway,Hours Mon–Fri: 9am–5pm Sat: 9am–1pm
3616,Kyabram - Campaspe Shire Council,19 Lake Road,Hours Mon–Fri: 8.30am–12 noon and 1pm–5pm,
3617,Kyabram - Campaspe Shire Council,19 Lake Road,Hours Mon–Fri: 8.30am–12 noon and 1pm–5pm,
3618,Kyabram - Campaspe Shire Council,19 Lake Road,Hours Mon–Fri: 8.30am–12 noon and 1pm–5pm,
3620,Kyabram - Campaspe Shire Council,19 Lake Road,Hours Mon–Fri: 8.30am–12 noon and 1pm–5pm,
3621,Kyabram - Campaspe Shire Council,19 Lake Road,Hours Mon–Fri: 8.30am–12 noon and 1pm–5pm,
3623,Kyabram - Campaspe Shire Council,19 Lake Road,Hours Mon–Fri: 8.30am–12 noon and 1pm–5pm,
3624,Kyabram - Campaspe Shire Council,19 Lake Road,Hours Mon–Fri: 8.30am–12 noon and 1pm–5pm,
3442,Kyneton,2 Beauchamp Street,,
3444,Kyneton,2 Beauchamp Street,,
3446,Kyneton,2 Beauchamp Street,,
3458,Kyneton,2 Beauchamp Street,,
3461,Kyneton,2 Beauchamp Street,,
3887,Lakes Entrance - Lakes Post and Printing,505 Esplanade,Hours Mon–Fri: 9am–5pm,
3900,Lakes Entrance - Lakes Post and Printing,505 Esplanade,Hours Mon–Fri: 9am–5pm,
3902,Lakes Entrance - Lakes Post and Printing,505 Esplanade,Hours Mon–Fri: 9am–5pm,
3903,Lakes Entrance - Lakes Post and Printing,505 Esplanade,Hours Mon–Fri: 9am–5pm,
3904,Lakes Entrance - Lakes Post and Printing,505 Esplanade,Hours Mon–Fri: 9am–5pm,
3909,Lakes Entrance - Lakes Post and Printing,505 Esplanade,Hours Mon–Fri: 9am–5pm,
3950,Leongatha,Anderson Street,,
3951,Leongatha,Anderson Street,,
3953,Leongatha,Anderson Street,,
3954,Leongatha,Anderson Street,,
3956,Leongatha,Anderson Street,,
3116,Lilydale - Australia Post,266 Main Street,Hours Mon–Fri: 9am–5pm,
3138,Lilydale - Australia Post,266 Main Street,Hours Mon–Fri: 9am–5pm,
3139,Lilydale - Australia Post,266 Main Street,Hours Mon–Fri: 9am–5pm,
3140,Lilydale - Australia Post,266 Main Street,Hours Mon–Fri: 9am–5pm,
3765,Lilydale - Australia Post,266 Main Street,Hours Mon–Fri: 9am–5pm,
3766,Lilydale - Australia Post,266 Main Street,Hours Mon–Fri: 9am–5pm,
3767,Lilydale - Australia Post,266 Main Street,Hours Mon–Fri: 9am–5pm,
3770,Lilydale - Australia Post,266 Main Street,Hours Mon–Fri: 9am–5pm,
3775,Lilydale - Australia Post,266 Main Street,Hours Mon–Fri: 9am–5pm,
3788,Lilydale - Australia Post,266 Main Street,Hours Mon–Fri: 9am–5pm,
3793,Lilydale - Australia Post,266 Main Street,Hours Mon–Fri: 9am–5pm,
3795,Lilydale - Australia Post,266 Main Street,Hours Mon–Fri: 9am–5pm,
3796,Lilydale - Australia Post,266 Main Street,Hours Mon–Fri: 9am–5pm,
3891,Mallacoota - Mallacoota Bendigo Bank,57B Maurice Avenue,Hours Mon-Fri: 10am-12 noon and 1pm-4pm,
3892,Mallacoota - Mallacoota Bendigo Bank,57B Maurice Avenue,Hours Mon-Fri: 10am-12 noon and 1pm-4pm,
3722,Mansfield - Mansfield Shire Council,33 Highett Street,Hours Mon–Fri: 8.15am–5pm,
3723,Mansfield - Mansfield Shire Council,33 Highett Street,Hours Mon–Fri: 8.15am–5pm,
3011,Maribyrnong - Australia Post,Shop 2090 Highpoint Shopping Centre,200 Rosamond Road,Hours Mon–Fri: 9am–5pm Sat: 9am–2pm
3012,Maribyrnong - Australia Post,Shop 2090 Highpoint Shopping Centre,200 Rosamond Road,Hours Mon–Fri: 9am–5pm Sat: 9am–2pm
3013,Maribyrnong - Australia Post,Shop 2090 Highpoint Shopping Centre,200 Rosamond Road,Hours Mon–Fri: 9am–5pm Sat: 9am–2pm
3032,Maribyrnong - Australia Post,Shop 2090 Highpoint Shopping Centre,200 Rosamond Road,Hours Mon–Fri: 9am–5pm Sat: 9am–2pm
3039,Maribyrnong - Australia Post,Shop 2090 Highpoint Shopping Centre,200 Rosamond Road,Hours Mon–Fri: 9am–5pm Sat: 9am–2pm
3040,Maribyrnong - Australia Post,Shop 2090 Highpoint Shopping Centre,200 Rosamond Road,Hours Mon–Fri: 9am–5pm Sat: 9am–2pm
3060,Maribyrnong - Australia Post,Shop 2090 Highpoint Shopping Centre,200 Rosamond Road,Hours Mon–Fri: 9am–5pm Sat: 9am–2pm
3371,Maryborough - Central,Goldfields Shire Council (VicRoads Agency),73 Clarendon Street,Hours Mon–Fri: 8.30am–11.45am and 12.30pm–4.30pm
3464,Maryborough - Central,Goldfields Shire Council (VicRoads Agency),73 Clarendon Street,Hours Mon–Fri: 8.30am–11.45am and 12.30pm–4.30pm
3465,Maryborough - Central,Goldfields Shire Council (VicRoads Agency),73 Clarendon Street,Hours Mon–Fri: 8.30am–11.45am and 12.30pm–4.30pm
3472,Maryborough - Central,Goldfields Shire Council (VicRoads Agency),73 Clarendon Street,Hours Mon–Fri: 8.30am–11.45am and 12.30pm–4.30pm
3000,Melbourne - hub@exhibition,113 Exhibition Street,,
3002,Melbourne - hub@exhibition,113 Exhibition Street,,
3004,Melbourne - hub@exhibition,113 Exhibition Street,,
3065,Melbourne - hub@exhibition,113 Exhibition Street,,
3066,Melbourne - hub@exhibition,113 Exhibition Street,,
3067,Melbourne - hub@exhibition,113 Exhibition Street,,
3121,Melbourne - hub@exhibition,113 Exhibition Street,,
3141,Melbourne - hub@exhibition,113 Exhibition Street,,
3143,Melbourne - hub@exhibition,113 Exhibition Street,,
3205,Melbourne - hub@exhibition,113 Exhibition Street,,
3003,Melbourne GPO - Australia Post,Shop 1 250 Elizabeth Street,Hours Mon–Fri: 8.30am–5.30pm Sat: 9am–5pm,
3005,Melbourne GPO - Australia Post,Shop 1 250 Elizabeth Street,Hours Mon–Fri: 8.30am–5.30pm Sat: 9am–5pm,
3006,Melbourne GPO - Australia Post,Shop 1 250 Elizabeth Street,Hours Mon–Fri: 8.30am–5.30pm Sat: 9am–5pm,
3008,Melbourne GPO - Australia Post,Shop 1 250 Elizabeth Street,Hours Mon–Fri: 8.30am–5.30pm Sat: 9am–5pm,
3010,Melbourne GPO - Australia Post,Shop 1 250 Elizabeth Street,Hours Mon–Fri: 8.30am–5.30pm Sat: 9am–5pm,
3031,Melbourne GPO - Australia Post,Shop 1 250 Elizabeth Street,Hours Mon–Fri: 8.30am–5.30pm Sat: 9am–5pm,
3050,Melbourne GPO - Australia Post,Shop 1 250 Elizabeth Street,Hours Mon–Fri: 8.30am–5.30pm Sat: 9am–5pm,
3051,Melbourne GPO - Australia Post,Shop 1 250 Elizabeth Street,Hours Mon–Fri: 8.30am–5.30pm Sat: 9am–5pm,
3052,Melbourne GPO - Australia Post,Shop 1 250 Elizabeth Street,Hours Mon–Fri: 8.30am–5.30pm Sat: 9am–5pm,
3182,Melbourne GPO - Australia Post,Shop 1 250 Elizabeth Street,Hours Mon–Fri: 8.30am–5.30pm Sat: 9am–5pm,
3206,Melbourne GPO - Australia Post,Shop 1 250 Elizabeth Street,Hours Mon–Fri: 8.30am–5.30pm Sat: 9am–5pm,
3207,Melbourne GPO - Australia Post,Shop 1 250 Elizabeth Street,Hours Mon–Fri: 8.30am–5.30pm Sat: 9am–5pm,
3335,Melton,267 High Street,,
3337,Melton,267 High Street,,
3338,Melton,267 High Street,,
3340,Melton,267 High Street,,
2648,Mildura,109–111 Orange Avenue,,
2738,Mildura,109–111 Orange Avenue,,
2739,Mildura,109–111 Orange Avenue,,
3496,Mildura,109–111 Orange Avenue,,
3498,Mildura,109–111 Orange Avenue,,
3500,Mildura,109–111 Orange Avenue,,
3501,Mildura,109–111 Orange Avenue,,
3505,Mildura,109–111 Orange Avenue,,
3825,Morwell,87 Princes Drive,,
3840,Morwell,87 Princes Drive,,
3842,Morwell,87 Princes Drive,,
3844,Morwell,87 Princes Drive,,
3854,Morwell,87 Princes Drive,,
3860,Morwell,87 Princes Drive,,
3869,Morwell,87 Princes Drive,,
3735,Myrtleford - Myrtleford Community Pharmacy,43 Clyde Street,Hours Mon–Fri: 9am–5.45pm Sat: 9am–12.30pm,
3737,Myrtleford - Myrtleford Community Pharmacy,43 Clyde Street,Hours Mon–Fri: 9am–5.45pm Sat: 9am–12.30pm,
3738,Myrtleford - Myrtleford Community Pharmacy,43 Clyde Street,Hours Mon–Fri: 9am–5.45pm Sat: 9am–12.30pm,
3747,Myrtleford - Myrtleford Community Pharmacy,43 Clyde Street,Hours Mon–Fri: 9am–5.45pm Sat: 9am–12.30pm,
3418,Nhill - Hindmarsh Shire Council,92 Nelson Street,Hours Mon–Fri: 8.30am–5pm,
3898,Omeo - East Gippsland Shire Council,179 Day Avenue,Hours Mon–Fri: 8.30am–5pm,
3886,Omeo - East Gippsland Shire Council,179 Day Avenue,Hours Mon–Fri: 8.30am–5pm,
3888,Omeo - East Gippsland Shire Council,179 Day Avenue,Hours Mon–Fri: 8.30am–5pm,
3490,Ouyen - Mildura Rural City Council,Ouyen Service Centre,79 Oke Street,Hours Mon–Fri: 8am–5pm
3285,Portland,114A Percy Street,,
3305,Portland,114A Percy Street,,
3071,Preston - Australia Post,Shop W44 Northland Shopping Centre,2 Murray Road,Hours Mon–Fri: 9am–5pm Sat: 9am–1pm
3072,Preston - Australia Post,Shop W44 Northland Shopping Centre,2 Murray Road,Hours Mon–Fri: 9am–5pm Sat: 9am–1pm
3073,Preston - Australia Post,Shop W44 Northland Shopping Centre,2 Murray Road,Hours Mon–Fri: 9am–5pm Sat: 9am–1pm
3079,Preston - Australia Post,Shop W44 Northland Shopping Centre,2 Murray Road,Hours Mon–Fri: 9am–5pm Sat: 9am–1pm
3081,Preston - Australia Post,Shop W44 Northland Shopping Centre,2 Murray Road,Hours Mon–Fri: 9am–5pm Sat: 9am–1pm
3085,Preston - Australia Post,Shop W44 Northland Shopping Centre,2 Murray Road,Hours Mon–Fri: 9am–5pm Sat: 9am–1pm
3086,Preston - Australia Post,Shop W44 Northland Shopping Centre,2 Murray Road,Hours Mon–Fri: 9am–5pm Sat: 9am–1pm
3097,Ringwood - Australia Post,Shop L1 Eastland Shopping Centre,171–175 Maroondah Highway,Hours Mon–Fri: 9am–5pm Sat: 9am–1pm
3111,Ringwood - Australia Post,Shop L1 Eastland Shopping Centre,171–175 Maroondah Highway,Hours Mon–Fri: 9am–5pm Sat: 9am–1pm
3113,Ringwood - Australia Post,Shop L1 Eastland Shopping Centre,171–175 Maroondah Highway,Hours Mon–Fri: 9am–5pm Sat: 9am–1pm
3114,Ringwood - Australia Post,Shop L1 Eastland Shopping Centre,171–175 Maroondah Highway,Hours Mon–Fri: 9am–5pm Sat: 9am–1pm
3115,Ringwood - Australia Post,Shop L1 Eastland Shopping Centre,171–175 Maroondah Highway,Hours Mon–Fri: 9am–5pm Sat: 9am–1pm
3134,Ringwood - Australia Post,Shop L1 Eastland Shopping Centre,171–175 Maroondah Highway,Hours Mon–Fri: 9am–5pm Sat: 9am–1pm
3135,Ringwood - Australia Post,Shop L1 Eastland Shopping Centre,171–175 Maroondah Highway,Hours Mon–Fri: 9am–5pm Sat: 9am–1pm
3136,Ringwood - Australia Post,Shop L1 Eastland Shopping Centre,171–175 Maroondah Highway,Hours Mon–Fri: 9am–5pm Sat: 9am–1pm
3137,Ringwood - Australia Post,Shop L1 Eastland Shopping Centre,171–175 Maroondah Highway,Hours Mon–Fri: 9am–5pm Sat: 9am–1pm
3153,Ringwood - Australia Post,Shop L1 Eastland Shopping Centre,171–175 Maroondah Highway,Hours Mon–Fri: 9am–5pm Sat: 9am–1pm
2737,Robinvale - Swan Hill Rural City Council,72 Herbert Street,Hours Mon–Fri: 8.30am–5pm,
3549,Robinvale - Swan Hill Rural City Council,72 Herbert Street,Hours Mon–Fri: 8.30am–5pm,
3850,Sale,28–32 Princes Highway,,
3851,Sale,28–32 Princes Highway,,
3852,Sale,28–32 Princes Highway,,
3659,Seymour,5 Crawford Street,,
3660,Seymour,5 Crawford Street,,
3663,Seymour,5 Crawford Street,,
3616,Shepparton,231–239 Corio Street,,
3629,Shepparton,231–239 Corio Street,,
3630,Shepparton,231–239 Corio Street,,
3631,Shepparton,231–239 Corio Street,,
3633,Shepparton,231–239 Corio Street,,
3634,Shepparton,231–239 Corio Street,,
3478,St Arnaud - Northern Grampians Shire Council,40 Napier Street,Hours Mon–Fri: 10am–1pm and 1.30pm–4pm,
3380,Stawell - Northern Grampians Shire Council,63–65 Main Street,Hours Mon–Fri: 8.30am–4.45pm,
3381,Stawell - Northern Grampians Shire Council,63–65 Main Street,Hours Mon–Fri: 8.30am–4.45pm,
3427,Sunbury,7/36 Macedon Street,,
3429,Sunbury,7/36 Macedon Street,,
3430,Sunbury,7/36 Macedon Street,,
3431,Sunbury,7/36 Macedon Street,,
3437,Sunbury,7/36 Macedon Street,,
3020,Sunshine - Australia Post,Shop 31 Sunshine Marketplace,80 Harvester Road,Hours Mon-Fri: 9am-5pm Sat & Sun: 10am-2pm
3022,Sunshine - Australia Post,Shop 31 Sunshine Marketplace,80 Harvester Road,Hours Mon-Fri: 9am-5pm Sat & Sun: 10am-2pm
3023,Sunshine - Australia Post,Shop 31 Sunshine Marketplace,80 Harvester Road,Hours Mon-Fri: 9am-5pm Sat & Sun: 10am-2pm
3034,Sunshine - Australia Post,Shop 31 Sunshine Marketplace,80 Harvester Road,Hours Mon-Fri: 9am-5pm Sat & Sun: 10am-2pm
3026,Sunshine - hub@sunshine,12 Clarke Street,,
3584,Swan Hill,Shop 1 1 McNeill Court,,
3585,Swan Hill,Shop 1 1 McNeill Court,,
3586,Swan Hill,Shop 1 1 McNeill Court,,
3588,Swan Hill,Shop 1 1 McNeill Court,,
3589,Swan Hill,Shop 1 1 McNeill Court,,
3266,Timboon - Timboon Pharmacy,Shop 2 15 Main Street,Hours Mon–Fri: 9am–5.30pm Sat: 10am–2pm,
3267,Timboon - Timboon Pharmacy,Shop 2 15 Main Street,Hours Mon–Fri: 9am–5.30pm Sat: 10am–2pm,
3268,Timboon - Timboon Pharmacy,Shop 2 15 Main Street,Hours Mon–Fri: 9am–5.30pm Sat: 10am–2pm,
3269,Timboon - Timboon Pharmacy,Shop 2 15 Main Street,Hours Mon–Fri: 9am–5.30pm Sat: 10am–2pm,
3675,Wangaratta,62–68 Ovens Street,,
3677,Wangaratta,62–68 Ovens Street,,
3678,Wangaratta,62–68 Ovens Street,,
3393,Warracknabeal - Yarriambiack Shire Council,34 Lyle Street,Hours Mon–Fri: 9am–5pm,
3818,Warragul,Unit 5 131 North Road,,
3820,Warragul,Unit 5 131 North Road,,
3821,Warragul,Unit 5 131 North Road,,
3822,Warragul,Unit 5 131 North Road,,
3823,Warragul,Unit 5 131 North Road,,
3275,Warrnambool,29 Jamieson Street,,
3277,Warrnambool,29 Jamieson Street,,
3278,Warrnambool,29 Jamieson Street,,
3279,Warrnambool,29 Jamieson Street,,
3280,Warrnambool,29 Jamieson Street,,
3281,Warrnambool,29 Jamieson Street,,
3282,Warrnambool,29 Jamieson Street,,
3283,Warrnambool,29 Jamieson Street,,
3021,Watergardens - Australia Post,Shop 49 Watergardens Shopping Centre,399 Melton Highway,Hours Mon–Fri: 9am–5pm Sat: 9am–1pm
3033,Watergardens - Australia Post,Shop 49 Watergardens Shopping Centre,399 Melton Highway,Hours Mon–Fri: 9am–5pm Sat: 9am–1pm
3036,Watergardens - Australia Post,Shop 49 Watergardens Shopping Centre,399 Melton Highway,Hours Mon–Fri: 9am–5pm Sat: 9am–1pm
3037,Watergardens - Australia Post,Shop 49 Watergardens Shopping Centre,399 Melton Highway,Hours Mon–Fri: 9am–5pm Sat: 9am–1pm
3038,Watergardens - Australia Post,Shop 49 Watergardens Shopping Centre,399 Melton Highway,Hours Mon–Fri: 9am–5pm Sat: 9am–1pm
3428,Watergardens - Australia Post,Shop 49 Watergardens Shopping Centre,399 Melton Highway,Hours Mon–Fri: 9am–5pm Sat: 9am–1pm
3518,Wedderburn - Wedderburn Community House,24 Wilson Street,Hours Mon–Fri: 9am–5pm,
3520,Wedderburn - Wedderburn Community House,24 Wilson Street,Hours Mon–Fri: 9am–5pm,
3015,Williamstown - Australia Post,70 Douglas Parade,Hours Mon–Fri: 9am–5pm,
3016,Williamstown - Australia Post,70 Douglas Parade,Hours Mon–Fri: 9am–5pm,
3018,Williamstown - Australia Post,70 Douglas Parade,Hours Mon–Fri: 9am–5pm,
3019,Williamstown - Australia Post,70 Douglas Parade,Hours Mon–Fri: 9am–5pm,
3025,Williamstown - Australia Post,70 Douglas Parade,Hours Mon–Fri: 9am–5pm,
2640,Wodonga,82–86 Elgin Boulevard,,
2641,Wodonga,82–86 Elgin Boulevard,,
2899,Wodonga,82–86 Elgin Boulevard,,
3690,Wodonga,82–86 Elgin Boulevard,,
3691,Wodonga,82–86 Elgin Boulevard,,
3694,Wodonga,82–86 Elgin Boulevard,,
3189,Wonthaggi - Foons Photographics,72 McBride Avenue,Hours Mon–Fri: 9am–5pm,
3979,Wonthaggi - Foons Photographics,72 McBride Avenue,Hours Mon–Fri: 9am–5pm,
3992,Wonthaggi - Foons Photographics,72 McBride Avenue,Hours Mon–Fri: 9am–5pm,
3995,Wonthaggi - Foons Photographics,72 McBride Avenue,Hours Mon–Fri: 9am–5pm,
3996,Wonthaggi - Foons Photographics,72 McBride Avenue,Hours Mon–Fri: 9am–5pm,
3527,Wycheproof - Wycheproof Community,Resource Centre,280 Broadway,Hours: Mon-Fri 9am–5pm
3971,Yarram - Neilson’s Pharmacy,247 Commercial Road,Hours Mon–Fri: 9am–6pm Sat: 9am–12 noon,
2646,Yarrawonga - Yarrawonga  Mulwala,Visitor Information Centre,1 Irvine Parade,Hours Mon–Fri: 9am–5pm
2647,Yarrawonga - Yarrawonga  Mulwala,Visitor Information Centre,1 Irvine Parade,Hours Mon–Fri: 9am–5pm
3730,Yarrawonga - Yarrawonga  Mulwala,Visitor Information Centre,1 Irvine Parade,Hours Mon–Fri: 9am–5pm
